coordinates,created_at,hashtags,media,urls,favorite_count,id,in_reply_to_screen_name,in_reply_to_status_id,in_reply_to_user_id,lang,place,possibly_sensitive,quote_id,retweet_count,retweet_id,retweet_screen_name,source,text,tweet_url,user_created_at,user_id,user_default_profile_image,user_description,user_favourites_count,user_followers_count,user_friends_count,user_listed_count,user_location,user_name,user_screen_name,user_statuses_count,user_time_zone,user_urls,user_verified
"121.5,31.2",Mon May 02 08:24:59 +0000 2022,shanghai lockdown theadventurecontinues goofyhusbands,,https://www.instagram.com/p/CdDIKOerbeV/?igshid=YTgzYjQ4ZTY=,0,1521043058208423941,,,,en,"‰∏äÊµ∑, ‰∏≠Âçé‰∫∫Ê∞ëÂÖ±ÂíåÂõΩ",false,,0,,,"<a href=""http://instagram.com"" rel=""nofollow"">Instagram</a>","üá®üá≥üîí‚¨áÔ∏è I decided to jump on the bandwagon and start getting creative when sending our antigen test results. Here are the first two submissions. #shanghai #lockdown #theadventurecontinues #goofyhusbands @ Shanghai, China https://t.co/MzWVoG3Zjw",https://twitter.com/DennyNewell/status/1521043058208423941,Tue Aug 17 17:19:36 +0000 2010,179588329,false,,13,156,50,3,,Denny Newell,DennyNewell,645,,,false
"120.89273271,14.53065274",Mon May 02 10:04:51 +0000 2022,COVID19,https://twitter.com/DailyNews79/status/1521068191790690304/photo/1,http://lasthour.hipeople.biz/SPcPtN,0,1521068191790690304,,,,en,Republika ng Pilipinas,false,,0,,,"<a href=""https://dlvrit.com/"" rel=""nofollow"">dlvr.it</a>",#COVID19 COVID-19 Weekly Watch: Entering an era of viruses vs humanity - Rappler https://t.co/6ciZXQt5Dy https://t.co/rzisW0SsCR,https://twitter.com/DailyNews79/status/1521068191790690304,Wed Feb 09 07:43:20 +0000 2022,1491316688549253120,false,"Ours is just a small press release, it's not spam.
Subscribe to our comunity https://t.co/upst403dGf",10,61,537,0,Italy,DailyNews üáÆüáπ,DailyNews79,159876,,https://hipeople.biz,false
"-111.99871701,60.1439082",Mon May 02 14:23:18 +0000 2022,,https://twitter.com/DailyNews79/status/1521133234259595265/photo/1,http://lasthour.hipeople.biz/SPd6RF,0,1521133234259595265,,,,en,"Region 5, Unorganized, Northwest Territories",false,,0,,,"<a href=""https://dlvrit.com/"" rel=""nofollow"">dlvr.it</a>",COVID-19 update for May 2: Here's what you need to know - Vancouver Sun https://t.co/nEcglbjfwe https://t.co/Ear451yNRf,https://twitter.com/DailyNews79/status/1521133234259595265,Wed Feb 09 07:43:20 +0000 2022,1491316688549253120,false,"Ours is just a small press release, it's not spam.
Subscribe to our comunity https://t.co/upst403dGf",10,61,537,0,Italy,DailyNews üáÆüáπ,DailyNews79,159876,,https://hipeople.biz,false
"116.43310547,40.15158756",Mon May 02 22:16:02 +0000 2022,,,http://dlvr.it/SPfJH6,0,1521252198008881152,,,,en,"Âåó‰∫¨, ‰∏≠Âçé‰∫∫Ê∞ëÂÖ±ÂíåÂõΩ",false,,1,,,"<a href=""https://dlvrit.com/"" rel=""nofollow"">dlvr.it</a>","ZHD ‚Äî Inside China's 'zero-COVID' fortress, Xi admits no doubts https://t.co/h23YBudcZn",https://twitter.com/StigmabaseA/status/1521252198008881152,Sat May 29 17:26:03 +0000 2010,149585330,false,Australia - New Zealand ‚Äî Êó•Êú¨Ë™û  ‚Äî ‰∏≠ÂõΩ ‚Äî ÌïúÍµ≠Îßê |  Keeping up-to-date on global exclusion ‚Äî Stigmabase is a canadian internet non-profit Initiative. Founded in 2010.,0,2908,1275,139,Asia | Australia - Pacific,Stigmabase | ASIA,StigmabaseA,1550650,,https://www.stigmabase.org/,false
"-73.692001,40.6819",Mon May 02 12:59:51 +0000 2022,SouthernStateParkway,,http://511ny.org/EventDetails/TRANSCOM/ORI243471809,0,1521112232792309761,,,,en,"North Valley Stream, NY",false,,0,,,"<a href=""https://511ny.org"" rel=""nofollow"">NYRegions</a>",Incident on #SouthernStateParkway WB at Exit 15 - North Corona Avenue https://t.co/LsJf6ZxWZW,https://twitter.com/511nyLongIsland/status/1521112232792309761,Thu Jun 25 18:45:29 +0000 2009,50729679,false,Traffic & transit updates for the Long Island area provided by New York State 511. Visit the website for more feeds.,0,2051,0,115,Long Island,511NY - Long Island,511nyLongIsland,366381,,http://twitter.511ny.org/,false
"116.01,-31.888",Mon May 02 04:52:39 +0000 2022,workfromhomemom telehealth,,https://www.instagram.com/p/CdCv3EQrEB2euAmVrMk0CWiM5Qc_gYLqagjjas0/?igshid=YTgzYjQ4ZTY=,0,1520989624058920960,,,,en,"Perth, Western Australia",false,,0,,,"<a href=""http://instagram.com"" rel=""nofollow"">Instagram</a>","Order ni misis:

Pansit bihon while working from home 

#workfromhomemom #telehealth @ Midland, Western Australia https://t.co/pbnGgDbDLH",https://twitter.com/DrRommelalegre/status/1520989624058920960,Wed Oct 07 00:27:46 +0000 2015,3808654634,false,Focus on the Prize and not on the Pain| Being nice is awesome| Nurse| Father| Cycling| Reading| Clinical Management| Executive Doctorate| Leadership| Business|,185,70,586,0,"Perth, Western Australia",rommel.alegre|,DrRommelalegre,1391,,,false
"-96.81027835,32.79048555",Mon May 02 16:40:35 +0000 2022,justicetour justinbieber,,https://www.instagram.com/p/CdEA4DqrW6O3dZMaU-uRCn5xZqQdp_LHbV8cMg0/?igshid=YTgzYjQ4ZTY=,0,1521167781311483905,,,,en,"Dallas, TX",false,,0,,,"<a href=""http://instagram.com"" rel=""nofollow"">Instagram</a>","promise I don‚Äôt have covid.. just Bieber fever üòâ 
#justicetour #justinbieber @ American Airlines Center https://t.co/ZEUG38PPqg",https://twitter.com/Hellllllz13/status/1521167781311483905,Thu Nov 08 23:59:33 +0000 2012,935716848,false,"TAMU ‚Äò18 ~ whatever‚Äôs good for the soul, do that ‚ú®",20896,1024,797,10,"Alpine, Tx ‚Ä¢ Pecos, Tx",helen ‚òª,Hellllllz13,57425,,http://Instagram.com/morrow_h/,false
"-73.841264,40.743055",Mon May 02 14:20:06 +0000 2022,walkinthepark coronapark flushingmeadows mib spring,,https://www.instagram.com/p/CdDwzHIOt2aj6U3Gk-he9-iVXW3iObGc3YiyZw0/?igshid=YTgzYjQ4ZTY=,0,1521132426445086722,,,,en,"Queens, NY",false,,0,,,"<a href=""http://instagram.com"" rel=""nofollow"">Instagram</a>",#walkinthepark #coronapark #flushingmeadows #mib #spring @ Flushing Meadows-Corona Park https://t.co/0boHh4s3cp,https://twitter.com/EmmaLioliou/status/1521132426445086722,Fri Mar 18 13:27:38 +0000 2011,268283923,false,,19,40,295,0,New York,Emma,EmmaLioliou,1831,,,false
"77.2147,28.5189601",Mon May 02 07:06:40 +0000 2022,IMPRI,,https://www.impriindia.com/insights/xis-zero-covid-policy/ https://www.instagram.com/p/CdC_Mk-Pp1-/?igshid=YTgzYjQ4ZTY=,0,1521023348557369344,,,,en,"‡§®‡§à ‡§¶‡§ø‡§≤‡•ç‡§≤‡•Ä, ‡§≠‡§æ‡§∞‡§§",false,,0,,,"<a href=""http://instagram.com"" rel=""nofollow"">Instagram</a>","The pitfalls of Xi‚Äôs ‚ÄòZero Covid‚Äô policy | #IMPRI Insights

By Prof Srikanth Kondapalli

https://t.co/wYDSoU85Pq https://t.co/IiSdguKOII",https://twitter.com/impriindia/status/1521023348557369344,Sun Jun 24 14:06:41 +0000 2018,1010886935106056192,false,"IMPRI is a platform for pro-active, independent, non-partisan and policy-based research. It contributes to debates and deliberations for action-based solutions.",2256,1780,5000,11,"Saket, New Delhi",IMPRI Impact and Policy Research Institute,impriindia,12861,,http://www.impriindia.com,false
"13.1199934,52.381905",Mon May 02 07:43:42 +0000 2022,nowplaying FifthHarmony Perleberg Brandenburg GER,,,0,1521032670213460032,,,,en,"Potsdam, Deutschland",,,0,,,"<a href=""http://www.bbradio.de"" rel=""nofollow"">BB RADIO Music App</a>",#nowplaying #FifthHarmony ~ Fifth Harmony | Work From Home ||| BB RADIO - In #Perleberg #Brandenburg #GER auf 104.3,https://twitter.com/_BB_RADIO_MUSIC/status/1521032670213460032,Tue Jun 29 10:26:00 +0000 2010,160874621,false,BB RADIO is one of the leading radio stations in Berlin and Brandenburg in Germany.,2,2588,1711,177,"Germany, Potsdam",BB RADIO Playlist,_BB_RADIO_MUSIC,996208,,http://www.bbradio.de,false
"-75.69453838,45.41995212",Mon May 02 14:36:03 +0000 2022,Ottawa Canada news,,http://CTVnews.ca http://dlvr.it/SPd8N6,0,1521136440582713344,,,,en,"Ottawa, Ontario",false,,1,,,"<a href=""https://dlvrit.com/"" rel=""nofollow"">dlvr.it</a>",https://t.co/ksrs7ITfCb Ottawa ‚Üí Pandemic response to become battleground in Ontario election https://t.co/CCm6SzF1Re @OttawaNewsPulse üì∞ #Ottawa #Canada #news,https://twitter.com/OttawaNewsPulse/status/1521136440582713344,Sun Feb 20 22:00:05 +0000 2022,1495518597426393092,false,"#Ottawa city news: society, culture üé≠, business üìä, and politics.",1899,175,787,3,"Ottawa, Ontario",üá®üá¶ Ottawa News Pulse,OttawaNewsPulse,10091,,https://twitter.com/OttawaNewsPulse,false
"-75.68647461,45.41866926",Mon May 02 19:09:33 +0000 2022,Ottawa Canada news,,http://OttawaSun.com http://dlvr.it/SPdtPg,0,1521205269786624000,,,,en,"Ottawa, Ontario",false,,1,,,"<a href=""https://dlvrit.com/"" rel=""nofollow"">dlvr.it</a>","https://t.co/a7rFCiXyAZ ‚Üí As transmission remains high, Science Table warns of risk of ‚Äòlong COVID‚Äô https://t.co/z08dtJbESy @OttawaNewsPulse üì∞ #Ottawa #Canada #news",https://twitter.com/OttawaNewsPulse/status/1521205269786624000,Sun Feb 20 22:00:05 +0000 2022,1495518597426393092,false,"#Ottawa city news: society, culture üé≠, business üìä, and politics.",1899,175,787,3,"Ottawa, Ontario",üá®üá¶ Ottawa News Pulse,OttawaNewsPulse,10091,,https://twitter.com/OttawaNewsPulse,false
"-117.566,33.8753",Mon May 02 02:47:09 +0000 2022,,,https://www.instagram.com/p/CdChfz3L4tsSmo_kezCTNDLGOCK9b3-HBphX5s0/?igshid=YTgzYjQ4ZTY=,0,1520958039330889728,,,,en,"Corona, CA",false,,0,,,"<a href=""http://instagram.com"" rel=""nofollow"">Instagram</a>","Just posted a photo @ Corona, California https://t.co/ByzI2qC3tr",https://twitter.com/mrcheca1987/status/1520958039330889728,Mon Feb 23 06:41:46 +0000 2015,3055075132,false,Where the wild things are..,52,154,495,6,"California, USA",Killuminatrix 187.,mrcheca1987,900,,,false
"-70.3976368,43.6083314",Mon May 02 18:31:15 +0000 2022,,,https://bit.ly/3OOkE3M,0,1521195632932708352,,,,en,"Maine, USA",false,,0,,,"<a href=""https://www.careerarc.com"" rel=""nofollow"">CareerArc 2.0</a>","Pine Point Center - Genesis Heal... introduced universal COVID-19 vaccinations for all employees, care partners and onsite vendors because the welfare of our patients, residents, families and employees should always guide our decisions. Join our team! https://t.co/QokJcwAme4",https://twitter.com/tmj_mep_nursing/status/1521195632932708352,Sun May 03 03:52:53 +0000 2009,37358281,false,"Follow this account for geo-targeted Healthcare-Nursing job tweets in Portland, ME. Need help? Tweet us at @CareerArc!",0,298,211,28,"Portland, ME",TMJ-MEP Nursing Jobs,tmj_mep_nursing,761,,http://bit.ly/2I9JsV4,false
"-95.364492,29.744445",Mon May 02 21:34:02 +0000 2022,,,https://twitter.com/_stafft24/status/1521238693104832512,2,1521241630912790530,,,,en,"Houston, TX",false,1521238693104832512,2,,,"<a href=""https://onloft.com/tweetlogix"" rel=""nofollow"">Tweetlogix</a>","The VP, Zach Lavine &amp; Linus Sebastian catching it the same week and they‚Äôre in three different parts of the hemisphere is why I haven‚Äôt stopped https://t.co/BY1CNjwgUo",https://twitter.com/WinkWestwood/status/1521241630912790530,Sun Mar 06 01:14:54 +0000 2011,261469386,false,Content Creator ‚Ä¢ Video Producer ‚Ä¢ #VeteransForKaepernick,837,9639,6160,72,"Houston, TX",üêª+üçØ=‚ù§Ô∏è,WinkWestwood,458865,,,false
"-2.72181579,53.3412149",Mon May 02 16:41:11 +0000 2022,,,https://www.instagram.com/p/CdEA8XNqi8I/?igshid=YTgzYjQ4ZTY=,1,1521167931220107264,,,,en,"Runcorn, England",false,,0,,,"<a href=""http://instagram.com"" rel=""nofollow"">Instagram</a>","Straight from the horses mouth, or in this case Juniors laptop!
Hope to see some of you on Thursday night for a cheeky ‚Äòschool night‚Äô RED MONK gig! @ The Lockdown Pub &amp; Kitchen https://t.co/8ciE3lFf22",https://twitter.com/HesitantWeasel/status/1521167931220107264,Tue Mar 01 13:04:52 +0000 2011,259242201,false,"Widnes born environmentalist/earth educator/naturalist,and Tree Officer my two great passions; music and the natural environment.",6350,563,1076,9,Widnes,Anthony Brandreth,HesitantWeasel,3799,,http://hesitantweasel.wordpress.com,false
"-117.551455,33.843014",Mon May 02 07:26:47 +0000 2022,jobs,,http://joburl.ws/16745897,0,1521028410423787522,,,,en,"Corona, CA",false,,0,,,"<a href=""http://www.boxwoodtech.com"" rel=""nofollow"">CareerCenter</a>","Now Hiring: Groundskeeper | Weidner Apartment Homes: Corona, California | https://t.co/pr6cYCh3Ae #jobs",https://twitter.com/ApartmentCareer/status/1521028410423787522,Thu Feb 12 22:13:26 +0000 2009,20725246,false,http://t.co/FOOaDppy is the leading website for researching and finding jobs in the Apartment industry.  We host the largest network of industry career sites.,436,4085,3895,59,"HQ in Dallas, Texas",ApartmentCareers.Com,ApartmentCareer,63234,,http://www.apartmentcareers.com,false
"0.73791,51.34084",Mon May 02 13:09:16 +0000 2022,,,https://www.instagram.com/p/CdDosaNj03Q/?igshid=YTgzYjQ4ZTY=,0,1521114602783739905,,,,en,"Sittingbourne, England",false,,0,,,"<a href=""http://instagram.com"" rel=""nofollow"">Instagram</a>",Chill. Bank holiday weekend with a bottle of @corona @ Sittingbourne https://t.co/vVI4EdhehW,https://twitter.com/antlersandstuff/status/1521114602783739905,Sat Dec 28 17:09:51 +0000 2013,2248434479,false,"Occasionally anxious bureaucrat.  Also deerdog. Odd stuff, tasty food, cats & beer. Kent & Liverpool but often roam. Have antlers, will travel...",158,27,139,1,"England, United Kingdom",Rich,antlersandstuff,1402,,http://instagram.com/antlersandstuff,false
"-87.632496,41.883222",Mon May 02 08:36:04 +0000 2022,,,https://www.instagram.com/p/CdDJbT8O3RHEa1xBZkcHTwDkK2oCxg7P6peGd80/?igshid=YTgzYjQ4ZTY=,0,1521045846506229761,,,,en,"Chicago, IL",false,,0,,,"<a href=""http://instagram.com"" rel=""nofollow"">Instagram</a>","52 has come at last.... Hopefully Ill get a chance to Celebrate next week... Im in Covid Protocol, get tested tomorrow @ Chicago, Illinois https://t.co/K2xsA6NMf5",https://twitter.com/ShowtimeRio27/status/1521045846506229761,Tue Jan 27 19:37:25 +0000 2015,2998679606,false,,111,183,456,0,,Mario Coleman,ShowtimeRio27,2870,,,false
"34.88705292,30.9888704",Mon May 02 14:39:40 +0000 2022,,https://twitter.com/DailyNews79/status/1521137351421878272/photo/1,http://lasthour.hipeople.biz/SPd8yB,0,1521137351421878272,,,,en,◊ô◊©◊®◊ê◊ú,false,,0,,,"<a href=""https://dlvrit.com/"" rel=""nofollow"">dlvr.it</a>",Florence Welch reveals it's 'a miracle' she didn't suffer an eating disorder relapse during lockdown - Daily Mail https://t.co/ldxFOkRCIi https://t.co/tGANsSfXOy,https://twitter.com/DailyNews79/status/1521137351421878272,Wed Feb 09 07:43:20 +0000 2022,1491316688549253120,false,"Ours is just a small press release, it's not spam.
Subscribe to our comunity https://t.co/upst403dGf",10,61,537,0,Italy,DailyNews üáÆüáπ,DailyNews79,159876,,https://hipeople.biz,false
"-73.692001,40.6819",Mon May 02 12:59:53 +0000 2022,SouthernStateParkway,,http://511ny.org/EventDetails/TRANSCOM/ORI243471809,0,1521112238605615104,,,,en,"North Valley Stream, NY",false,,0,,,"<a href=""https://511ny.org"" rel=""nofollow"">511NY-Tweets</a>",Incident on #SouthernStateParkway WB at Exit 15 - North Corona Avenue https://t.co/oKmVdbZ7Qu,https://twitter.com/511NY/status/1521112238605615104,Thu Jun 25 17:22:38 +0000 2009,50706690,false,Traffic & transit updates for all of New York State provided by New York State 511. Visit the website for more feeds.,0,3681,193,251,New York State,511 New York,511NY,5562195,,http://twitter.511ny.org,false
"-84.1965,39.7603",Mon May 02 12:48:31 +0000 2022,,,https://www.instagram.com/p/CdDmUZcOqsx/?igshid=YTgzYjQ4ZTY=,0,1521109377222070277,,,,en,"Dayton, OH",false,,0,,,"<a href=""http://instagram.com"" rel=""nofollow"">Instagram</a>","Since I‚Äôm coming off my first post-pandemic trip and headed to another one on Thursday‚Ä¶

Tell me where you are in the world. I might be headed your way ü•∞ @ Dayton, Ohio https://t.co/AVWDItIUa3",https://twitter.com/cecelia_tcibiz/status/1521109377222070277,Fri Sep 16 16:46:48 +0000 2016,776824668774731776,false,I help new marketers and entrepreneurs find smart ways to attract quality clients and then convert them to sales and profits for their businesses.,14,32,56,2,"Ohio, USA",Cecelia Morris,cecelia_tcibiz,773,,https://ceceliafmorris.com/,false
"-75.69453838,45.41995212",Mon May 02 17:41:33 +0000 2022,Ottawa Canada news,,http://CTVnews.ca http://dlvr.it/SPdfvM,0,1521183123936997376,,,,en,"Ottawa, Ontario",false,,1,,,"<a href=""https://dlvrit.com/"" rel=""nofollow"">dlvr.it</a>",https://t.co/ksrs7ITfCb Ottawa ‚Üí One new COVID-19 death in Ottawa over the weekend https://t.co/QMnZ78FnzJ @OttawaNewsPulse üì∞ #Ottawa #Canada #news,https://twitter.com/OttawaNewsPulse/status/1521183123936997376,Sun Feb 20 22:00:05 +0000 2022,1495518597426393092,false,"#Ottawa city news: society, culture üé≠, business üìä, and politics.",1899,175,787,3,"Ottawa, Ontario",üá®üá¶ Ottawa News Pulse,OttawaNewsPulse,10091,,https://twitter.com/OttawaNewsPulse,false
"-122.53527778,37.93416667",Mon May 02 16:33:43 +0000 2022,whatever mikeylikesit wfh travelpreneur emotionalsupport love rescuedog hestheboss,,https://www.instagram.com/p/CdEAF8cF646/?igshid=YTgzYjQ4ZTY=,2,1521166054327652362,,,,en,"Larkspur, CA",false,,0,,,"<a href=""http://instagram.com"" rel=""nofollow"">Instagram</a>","We‚Äôve hit that point in our life where basically anything goes. Does that make me a bad dog mom? üòÇüòÇ #whatever #mikeylikesit #wfh #travelpreneur #emotionalsupport #love #rescuedog #hestheboss üêæüíúüíûüêæ @ Larkspur, California https://t.co/Od2anBgeJc",https://twitter.com/StacyHopeSmall/status/1521166054327652362,Mon Dec 08 05:53:17 +0000 2008,17957392,false,"Founder + CEO: Elite Travel Club üîÜ üíïJoy Chooser ü¶ãMagician üßú‚Äç‚ôÄÔ∏è Dog Rescuer ‚úçÔ∏è üìñ Author: Why Not Me?!? (+ sequel ‚ÄúA Little Bit Spiritual, A Little Bit CEO‚Äù)",57714,70865,21583,2255,"Larkspur, CA",EliteTravelStacy üá∫üá¶,StacyHopeSmall,111283,,http://www.etclubllc.com,false
"-123.01936819,49.44648095",Mon May 02 18:26:07 +0000 2022,,,http://dlvr.it/SPdn1l,0,1521194338117509125,,,,en,"Greater Vancouver A, British Columbia",false,,0,,,"<a href=""https://dlvrit.com/"" rel=""nofollow"">dlvr.it</a>",CAD ‚Äî Queer youth much likelier to have considered or attempted suicide during pandemic than their peers: LGBTQ youth advocates noted that the pandemic coincided with a rise in anti-LGBTQ legislation and policies nationwide. Queer high-school students‚Ä¶ https://t.co/3T7d7rmAuU,https://twitter.com/StigmabaseO/status/1521194338117509125,Thu Apr 29 13:56:48 +0000 2010,138418838,false,Americas ‚Äî United Kingdom  | Keeping up-to-date on global exclusion ‚Äî Stigmabase is a canadian internet non-profit Initiative. Founded in 2010,0,4144,3742,262,Americas | United Kingdom,Stigmabase | ORG,StigmabaseO,1829205,,https://www.stigmabase.org/,false
"-73.692001,40.6819",Mon May 02 13:34:44 +0000 2022,SouthernStateParkway,,,0,1521121011181174784,,,,en,"North Valley Stream, NY",,,0,,,"<a href=""https://511ny.org"" rel=""nofollow"">NYRegions</a>",Cleared: Incident on #SouthernStateParkway WB at Exit 15 - North Corona Avenue,https://twitter.com/511nyLongIsland/status/1521121011181174784,Thu Jun 25 18:45:29 +0000 2009,50729679,false,Traffic & transit updates for the Long Island area provided by New York State 511. Visit the website for more feeds.,0,2051,0,115,Long Island,511NY - Long Island,511nyLongIsland,366381,,http://twitter.511ny.org/,false
"-117.598903,33.862585",Mon May 02 01:30:51 +0000 2022,,,https://apli.us/b3td,0,1520938839107321856,,,,en,"Corona, CA",false,,0,,,"<a href=""http://www.recruitology.com"" rel=""nofollow"">Recruitology</a>","See our latest Corona, CA job opening. https://t.co/AQjWyP3Ui8 Surgical Oncologist Healthcarejobs",https://twitter.com/NWJS_jobs/status/1520938839107321856,Thu Feb 28 23:58:33 +0000 2019,1101270461986496512,false,Find local jobs now.,0,503,23,2,,Nationwide Job Search,NWJS_jobs,419011,,https://www.nationwidejobsearch.com,false
"-75.1692734,39.9646606",Mon May 02 19:10:58 +0000 2022,,,https://www.instagram.com/p/CdESFcFJAh4/?igshid=YTgzYjQ4ZTY=,1,1521205624264134656,,,,en,"Philadelphia, PA",false,,0,,,"<a href=""http://instagram.com"" rel=""nofollow"">Instagram</a>",2nd Covid vaccine booster WOOHOO!!! @ Fairmount Pharmacy https://t.co/6lRKzECfp7,https://twitter.com/petesart/status/1521205624264134656,Sun Sep 06 23:49:49 +0000 2009,72154767,false,"Photographer, visual artist, curator. Many classical music giants are my clients. @carnegiehall @CurtisInstitute @PhilaOrchestra @marlboromusicvt BrdStrBare",22616,1173,4999,35,Philadelphia/NYC/Vermont/Italy,Pete Checchia,petesart,20448,,http://petesart.com,false
"-117.516431,33.8240242",Mon May 02 18:42:17 +0000 2022,Hospitality panerapeople,,https://bit.ly/3y718JM,0,1521198405803905024,,,,en,"El Cerrito, CA",false,,0,,,"<a href=""https://www.careerarc.com"" rel=""nofollow"">CareerArc 2.0</a>","We offer options for everyone to explore a career on the rise with Panera. Explore to find the opportunities that best suit your taste: Salad and Sandwich Maker in Corona, CA https://t.co/wCD0XlCmmk #Hospitality #panerapeople",https://twitter.com/PaneraCareers/status/1521198405803905024,Fri Nov 04 14:52:55 +0000 2011,404878140,false,"We're here to help you secure that bread ü•ñ
#nowhiring #parttime #hourlyjobs #panerabread #panerapeople",0,1250,95,337,,Panera Careers,PaneraCareers,10025,,http://www.panerabread.com/,false
"-98.5,29.4167",Mon May 02 20:53:56 +0000 2022,,,https://www.instagram.com/p/CdEd3gxpKQE/?igshid=YTgzYjQ4ZTY=,0,1521231537685082115,,,,en,"San Antonio, TX",false,,0,,,"<a href=""http://instagram.com"" rel=""nofollow"">Instagram</a>","Finally wearing my Free Hugs shirt I bought right before covid. @ San Antonio, Texas https://t.co/QrkghbQZ3L",https://twitter.com/MexicanVanillax/status/1521231537685082115,Tue Mar 17 18:30:58 +0000 2009,24927337,false,"Lover of life, people, food, and cats.  Be kind. ‚ù§Ô∏è‚ù§Ô∏è‚ù§Ô∏è",1902,115,123,2,"San Antonio, TX",Tiffany Witham,MexicanVanillax,1774,,https://m.facebook.com/MexicanVanilla15,false
"18.92303781,-33.92161885",Mon May 02 14:41:27 +0000 2022,africarising,,https://www.instagram.com/p/CdDzPS6qNem/?igshid=YTgzYjQ4ZTY=,5,1521137800845750272,,,,en,"Stellenbosch, South Africa",false,,0,,,"<a href=""http://instagram.com"" rel=""nofollow"">Instagram</a>",As we enter. . . After 2 years of lockdown and we finally get back on the road #africarising from üáøüá¶ -&gt; to the world # @ Delaire Graff Estate https://t.co/obtIj3jN5j,https://twitter.com/NdabaMandela/status/1521137800845750272,Tue Apr 09 20:45:48 +0000 2013,1340180251,false,"Sometimes it falls upon a generation to be great, you can be that generation. - Nelson Mandela, Continue the legacy. https://t.co/UFrclBYX8O",1082,24159,402,111,Johannesburg,Ndaba Mandela,NdabaMandela,2050,,http://www.arfoundation.co,true
"-73.692001,40.6819",Mon May 02 13:11:27 +0000 2022,SouthernStateParkway,,http://511ny.org/EventDetails/TRANSCOM/ORI243471809,0,1521115150786441217,,,,en,"North Valley Stream, NY",false,,0,,,"<a href=""https://511ny.org"" rel=""nofollow"">NYRegions</a>",Updated: Incident on #SouthernStateParkway WB at Exit 15 - North Corona Avenue https://t.co/LsJf6ZxWZW,https://twitter.com/511nyLongIsland/status/1521115150786441217,Thu Jun 25 18:45:29 +0000 2009,50729679,false,Traffic & transit updates for the Long Island area provided by New York State 511. Visit the website for more feeds.,0,2051,0,115,Long Island,511NY - Long Island,511nyLongIsland,366381,,http://twitter.511ny.org/,false
"100.9309878,12.9366966",Mon May 02 11:53:05 +0000 2022,,https://twitter.com/Proactivpattaya/status/1521095430347497472/photo/1,http://dlvr.it/SPchnH,0,1521095430347497472,,,,en,"‡∏≠.‡∏ö‡∏≤‡∏á‡∏•‡∏∞‡∏°‡∏∏‡∏á, ‡∏à.‡∏ä‡∏•‡∏ö‡∏∏‡∏£‡∏µ",false,,0,,,"<a href=""https://dlvrit.com/"" rel=""nofollow"">dlvr.it</a>",Amazon Terminates Paid COVID-19 Paid Leave Policy for Workers in the US: Amazon has updated its policy following the availability of COVID-19 vaccines and revised guidance from the US‚Äô Centers for Disease Control and Prevention. https://t.co/v7OJLHdIMt https://t.co/HyIn9AHemU,https://twitter.com/Proactivpattaya/status/1521095430347497472,Wed Mar 05 12:33:23 +0000 2014,2373691687,false,"‚≠ê‚≠ê‚≠ê‚≠ê‚≠ê We are a small, dedicated and hard working team of digital marketers. We are organised, friendly and passionate about what we do. #WebDesign #SEO  üáπüá≠",3833,6752,6770,198,"Pattaya, Thailand",Proactive Marketing - Web Design & SEO Company,Proactivpattaya,21973,,http://proactivemarketing.solutions,false
"-94.97972426,29.73652758",Mon May 02 19:25:01 +0000 2022,homeschool homeschoolmusic musicwithmserynn elementarymusic musicteachers musicteachersofinstagram,,https://www.instagram.com/p/CdETsf-pA8g/?igshid=YTgzYjQ4ZTY=,0,1521209162209841152,,,,en,"Baytown, TX",false,,0,,,"<a href=""http://instagram.com"" rel=""nofollow"">Instagram</a>",Fun music class for homeschoolers this afternoon! #homeschool #homeschoolmusic #musicwithmserynn #elementarymusic #musicteachers #musicteachersofinstagram @ Sterling Municipal Library https://t.co/x0bkmYtAN2,https://twitter.com/mserynn_music/status/1521209162209841152,Fri Jan 01 20:55:35 +0000 2016,4691605650,false,I'm a wife and momma to my 6 kids and run a small business teaching #Kindermusik #elementarymusic for #homeschoolers and #privatelessons,3647,82,433,2,"Baytown, TX",Erynn Morris,mserynn_music,990,,https://musicwithmserynn.com,false
"-75.70226746,45.41660442",Mon May 02 22:04:07 +0000 2022,Ottawa ottnews news,,http://OttawaCitizen.com http://dlvr.it/SPfGk6,0,1521249199366426624,,,,en,"Ottawa, Ontario",false,,0,,,"<a href=""https://dlvrit.com/"" rel=""nofollow"">dlvr.it</a>",https://t.co/hYFjNNzLX4 ‚Üí Ontario makes Moderna vaccines available to children after human rights complaint https://t.co/Xuc3a0s1pP @OttawaNewsPulse üì∞ #Ottawa #ottnews #news,https://twitter.com/OttawaNewsPulse/status/1521249199366426624,Sun Feb 20 22:00:05 +0000 2022,1495518597426393092,false,"#Ottawa city news: society, culture üé≠, business üìä, and politics.",1899,175,787,3,"Ottawa, Ontario",üá®üá¶ Ottawa News Pulse,OttawaNewsPulse,10091,,https://twitter.com/OttawaNewsPulse,false
"121.5,31.2",Mon May 02 02:05:20 +0000 2022,,,https://www.instagram.com/p/CdCcttIL7I3/?igshid=YTgzYjQ4ZTY=,0,1520947518644830209,,,,en,"‰∏äÊµ∑, ‰∏≠Âçé‰∫∫Ê∞ëÂÖ±ÂíåÂõΩ",false,,0,,,"<a href=""http://instagram.com"" rel=""nofollow"">Instagram</a>","Another day, another COVID test. Lockdown, day 32. @ Shanghai, China https://t.co/UlKmjTtnm8",https://twitter.com/dhoopingarner/status/1520947518644830209,Mon Jul 24 13:14:24 +0000 2006,2942,false,This is what life is like when you don't do things the easy way.  Views/re-tweets are my own and do not constitute an endorsement.,5,104,28,5,,Den Hoopingarner,dhoopingarner,1057,,http://denniehoopingarner.com,false
"-106.6967,35.2413",Mon May 02 18:25:24 +0000 2022,wfh wfhlife devlife,,https://www.instagram.com/p/CdEM33FpD_7aIdDJtIamiW3UOLirQZWlhm_W1M0/?igshid=YTgzYjQ4ZTY=,0,1521194158148530176,,,,en,"Rio Rancho, NM",true,,0,,,"<a href=""http://instagram.com"" rel=""nofollow"">Instagram</a>","Thankful today and everyday‚Ä¶ üòò #wfh and getting spoiled ü§üüèæ #wfhlife #devlife @ Rio Rancho, New Mexico https://t.co/ClI2UXRSq9",https://twitter.com/i_am_techgnosis/status/1521194158148530176,Thu Nov 10 17:08:17 +0000 2011,409376551,false,"·ï¶(√≤_√≥Àá)·ï§(c"" ‡≤§,_‡≤§). husband, father, #10thplanet #jiujitsu, #frontend #developer",1127,46,487,0,"Rio Rancho, NM",Omar Serrano ü§ñ,i_am_techgnosis,256,,http://webtechgnosis.com,false
"-89.6385,44.2563",Mon May 02 18:00:36 +0000 2022,,,https://www.balloon-juice.com/2022/05/01/covid-19-coronavirus-updates-saturday-sunday-april-30-may-1/,0,1521187918567649292,,,,en,"Wisconsin, USA",false,,0,,,"<a href=""https://help.twitter.com/en/using-twitter/how-to-tweet#source-labels"" rel=""nofollow"">heapevents.info</a>","Covid Coronavirus Updates Saturday Sunday April May ‚òù üòê 
 https://t.co/LPPx8AYgVe",https://twitter.com/heapevents/status/1521187918567649292,Sat Jan 09 15:58:46 +0000 2021,1347935690332495877,false,just heap of US events,0,7,25,1,,heapevents.info,heapevents,21354,,https://www.heapevents.info/,false
"-122.7756216,45.5064511",Mon May 02 17:59:33 +0000 2022,,https://twitter.com/EarlPdxPearl/status/1521187653323943936/photo/1,http://dlvr.it/SPdj5V,0,1521187653323943936,,,,en,"West Slope, OR",false,,1,,,"<a href=""https://dlvrit.com/"" rel=""nofollow"">dlvr.it</a>",HYPOCRITE! Fauci Said He Wasn‚Äôt Going To Attend Elitist White House Correspondents Dinner Because Of Covid... Then Is Caught At WHCD Pre-Party https://t.co/UMBxwU34ph https://t.co/kJ0KdrDrM5,https://twitter.com/EarlPdxPearl/status/1521187653323943936,Wed Aug 12 02:52:34 +0000 2009,64914137,false,"Oregon Republican Christian Conservative focused on truth about Left Wing Radical @RepBlumenauer ,   #Trump Supporter.  #DrainTheSwamp",27,18705,22443,353,"Portland, OR",Earl Pearl,EarlPdxPearl,49332,,http://www.judicialwatch.org/,false
"-116.91926714,32.77477477",Mon May 02 19:50:20 +0000 2022,Giveaway ThriveFromHome WFH,,https://nexrep.com?rpid=10&rpr=6566,0,1521215531885363200,,,,en,"Jamul, CA",false,,0,,,"<a href=""http://www.tweetcaster.com"" rel=""nofollow"">TweetCaster for Android</a>","I'm not hacked. I'm trying to win this @nexrepofficial's giveaway for a chance to win a Facebook Portal Go with Smart Camera &amp; Smart Sound!

#Giveaway #ThriveFromHome #WFH https://t.co/Wq0hNoxzEN",https://twitter.com/KimsNFTart/status/1521215531885363200,Tue Feb 01 19:35:47 +0000 2022,1488596810817966083,false,"My new fun & rare contemporary NFT Art Series ""Something New Is Coming"" based the coming web 3.0. 

#web3.0 #nftart
#cyprocurrency #nftlaunch #contemporaryart",55,33,194,8,United States,Kim Wyatt,KimsNFTart,91,,,false
"-77.0364,38.8951",Mon May 02 19:30:23 +0000 2022,,,https://www.dailyrepublic.com/all-dr-news/wires/features/seniors/why-black-and-hispanic-seniors-are-left-with-a-less-powerful-flu-vaccine/,0,1521210513371320326,,,,en,"Washington, DC",false,,0,,,"<a href=""https://help.twitter.com/en/using-twitter/how-to-tweet#source-labels"" rel=""nofollow"">heapevents.info</a>","All Dr News Why Black And Hispanic Seniors Are Left With A Less Powerful Flu Vaccine ‚òù üòï 
 https://t.co/ZtKiYt0Hfc",https://twitter.com/heapevents/status/1521210513371320326,Sat Jan 09 15:58:46 +0000 2021,1347935690332495877,false,just heap of US events,0,7,25,1,,heapevents.info,heapevents,21354,,https://www.heapevents.info/,false
"-87.6745,42.0556",Mon May 02 15:00:26 +0000 2022,,,https://www.mysanantonio.com/business/article/Moderna-seeks-to-be-1st-with-COVID-shots-for-17132983.php,0,1521142577906561025,,,,en,"Evanston, IL",false,,0,,,"<a href=""https://help.twitter.com/en/using-twitter/how-to-tweet#source-labels"" rel=""nofollow"">heapevents.info</a>","Moderna Seeks To Be With Covid Shots For ‚òù üòê 
 https://t.co/7Qjq4uRZ7B",https://twitter.com/heapevents/status/1521142577906561025,Sat Jan 09 15:58:46 +0000 2021,1347935690332495877,false,just heap of US events,0,7,25,1,,heapevents.info,heapevents,21354,,https://www.heapevents.info/,false
"-98.47201297,29.52698929",Mon May 02 13:58:41 +0000 2022,covid_19 airport pandemic,,https://www.instagram.com/p/CdDuWQaOgwA/?igshid=YTgzYjQ4ZTY=,0,1521127036328284160,,,,en,"San Antonio, TX",false,,0,,,"<a href=""http://instagram.com"" rel=""nofollow"">Instagram</a>",That time when @satairport was eerily empty. #covid_19 #airport #pandemic @ San Antonio International Airport https://t.co/7NkURr18Kb,https://twitter.com/AvQueenBenet/status/1521127036328284160,Wed Dec 17 23:05:39 +0000 2008,18202722,false,@RealBabyDigital‚Äôs mom @ThePointsGuy editrix #avgeek #mentor #Maynard200 #mediadiversity #quilter Past @ONA @NABJ boards. LUV @SouthwestAir!,8396,18094,4803,756,"San Antonio, TX",Your Aviation Queen & YOUR Aunt Ben√©t! üò∑,AvQueenBenet,40794,,http://www.aviationqueen.com,true
"-81.6937,41.4996",Mon May 02 01:25:28 +0000 2022,,,https://www.instagram.com/p/CdCYJnNLPok/?igshid=YTgzYjQ4ZTY=,0,1520937482757488643,,,,en,"Cleveland, OH",false,,0,,,"<a href=""http://instagram.com"" rel=""nofollow"">Instagram</a>","Again, this is the kick in the dupa the economy needs as we claw our way out of a pandemic. @ Cleveland, Ohio https://t.co/8RHhYBAmyq",https://twitter.com/PattyMarvel/status/1520937482757488643,Wed Jun 17 21:13:54 +0000 2009,48118512,false,"I've read too many history books to be okay with this. RT not necessarily endorsement, may be HOLY SH1T LOOK AT THIS! She/Her @WRUW @TheSpandexYears #Resist",179312,2863,4286,110,"Cleveland, Ohio",Ms. Marvel üìé,PattyMarvel,194055,,http://www.wruw.org,false
"-71.5691961,44.4887519",Mon May 02 20:09:09 +0000 2022,,,https://bit.ly/3s5siNi,0,1521220269662085120,,,,en,"New Hampshire, USA",false,,0,,,"<a href=""https://www.careerarc.com"" rel=""nofollow"">CareerArc 2.0</a>","Country Village Center - Genesis... introduced universal COVID-19 vaccinations for all employees, care partners and onsite vendors because the welfare of our patients, residents, families and employees should always guide our decisions. Join our team! https://t.co/S4QVNdA0PY",https://twitter.com/GenesisCareers/status/1521220269662085120,Wed Apr 22 17:55:53 +0000 2009,34343262,false,"Our employees are the vital link between us, our patients and residents! We care deeply! Follow us on Social. #GenesisCareers",36,1405,324,16,Nationwide,Genesis Careers,GenesisCareers,4286,,http://www.genesiscareers.jobs,false
"77.2147,28.5189601",Mon May 02 10:24:16 +0000 2022,IMPRI,,https://www.impriindia.com/insights/employment-covid-mismanagement/ https://www.instagram.com/p/CdDVz9HPYlx/?igshid=YTgzYjQ4ZTY=,0,1521073077299269632,,,,en,"‡§®‡§à ‡§¶‡§ø‡§≤‡•ç‡§≤‡•Ä, ‡§≠‡§æ‡§∞‡§§",false,,0,,,"<a href=""http://instagram.com"" rel=""nofollow"">Instagram</a>","Employment fallout from Covid mismanagement | #IMPRI insights

By Prof Santosh Mehrotra

https://t.co/FJY0EUSlMp https://t.co/TOr7uY958f",https://twitter.com/impriindia/status/1521073077299269632,Sun Jun 24 14:06:41 +0000 2018,1010886935106056192,false,"IMPRI is a platform for pro-active, independent, non-partisan and policy-based research. It contributes to debates and deliberations for action-based solutions.",2256,1780,5000,11,"Saket, New Delhi",IMPRI Impact and Policy Research Institute,impriindia,12861,,http://www.impriindia.com,false
"-121.57053318,37.00748198",Mon May 02 18:15:04 +0000 2022,,https://twitter.com/1stChiroGilroy/status/1521191556908167168/photo/1,http://dlvr.it/SPdlLd,0,1521191556908167168,,,,en,"Gilroy, CA",false,,0,,,"<a href=""https://dlvrit.com/"" rel=""nofollow"">dlvr.it</a>","Whistleblower says CDC, FDA both ""altered"" covid guidance and ""suppressed"" findings for political purposes; employees feared ""retaliation"" for speaking up https://t.co/UVZxAvLWzS https://t.co/tOQah1uW1S",https://twitter.com/1stChiroGilroy/status/1521191556908167168,Tue Aug 16 22:53:21 +0000 2016,765682887899226112,false,"Dr. Sam @ First Chiropractic in Gilroy, CA! 25+ Years of Back Pain Relief Expertise! Pls Call for Appts: (408) 848-6222 - 7461 Eigleberry St. Gilroy, CA 95020",8,19,42,1,"Gilroy, CA",Sam Nijmeh,1stChiroGilroy,3228,,http://FirstChiropractic.co,false
"-123.07571411,49.23587045",Mon May 02 14:36:02 +0000 2022,,,http://dlvr.it/SPd8M9,0,1521136437000691712,,,,en,"Vancouver, British Columbia",false,,1,,,"<a href=""https://dlvrit.com/"" rel=""nofollow"">dlvr.it</a>","CANR ‚Äî Racial split on COVID-19 endures as restrictions ease in U.S.: Black and Hispanic communities suffered higher rates of illness and death from COVID-19 and remain cautious about the pandemic, according to a new¬†...  

View article... https://t.co/rFZXQX9PE7",https://twitter.com/StigmabaseO/status/1521136437000691712,Thu Apr 29 13:56:48 +0000 2010,138418838,false,Americas ‚Äî United Kingdom  | Keeping up-to-date on global exclusion ‚Äî Stigmabase is a canadian internet non-profit Initiative. Founded in 2010,0,4144,3742,262,Americas | United Kingdom,Stigmabase | ORG,StigmabaseO,1829205,,https://www.stigmabase.org/,false
"-117.537555,33.880653",Mon May 02 17:55:49 +0000 2022,,,https://apli.us/b3Bf,0,1521186715293077504,,,,en,"Corona, CA",false,,0,,,"<a href=""http://www.recruitology.com"" rel=""nofollow"">Recruitology</a>","We're hiring! See our latest job opening: Senior Construction Defect Claims Adjuster- Remote https://t.co/JXA33q8uZn Corona, CA",https://twitter.com/NWJS_jobs/status/1521186715293077504,Thu Feb 28 23:58:33 +0000 2019,1101270461986496512,false,Find local jobs now.,0,503,23,2,,Nationwide Job Search,NWJS_jobs,419011,,https://www.nationwidejobsearch.com,false
"-79.2667,43.8667",Mon May 02 17:54:09 +0000 2022,,,https://www.instagram.com/p/CdEJTBqLwSL/?igshid=YTgzYjQ4ZTY=,0,1521186293635448832,,,,en,"Markham, Ontario",false,,0,,,"<a href=""http://instagram.com"" rel=""nofollow"">Instagram</a>","Working from home with kids üôÑüôÑ @ Markham, Ontario https://t.co/0FxHVBUzic",https://twitter.com/C0dingArchit3ct/status/1521186293635448832,Fri May 09 13:49:53 +0000 2014,2485419020,false,"Proud father, avid motorcyclist, builder of things. Founder of KodeKreations. Director of DevOps at Applyboard and hello world addict. opinions are my own üôè",3641,232,460,7,"Toronto, Ontario","final String name = ""Ahmed Khalifa"";",C0dingArchit3ct,793,,https://c0dingarchit3ct.wordpress.com,false
"120.90212055,14.62614731",Mon May 02 09:53:47 +0000 2022,AvrilLavignecanadashows AvrilLavigne AvrilLavigneconcert shows,https://twitter.com/DailyNews79/status/1521065404818329601/photo/1,http://lasthour.hipeople.biz/SPcNR3,0,1521065404818329601,,,,en,Republika ng Pilipinas,false,,0,,,"<a href=""https://dlvrit.com/"" rel=""nofollow"">dlvr.it</a>",#AvrilLavignecanadashows #AvrilLavigne #AvrilLavigneconcert #shows Avril Lavigne calls off a series of shows in Canada due to Covid-19 case on tour - Economic Times https://t.co/77CtDqWcJn https://t.co/QephWqT4Nj,https://twitter.com/DailyNews79/status/1521065404818329601,Wed Feb 09 07:43:20 +0000 2022,1491316688549253120,false,"Ours is just a small press release, it's not spam.
Subscribe to our comunity https://t.co/upst403dGf",10,61,537,0,Italy,DailyNews üáÆüáπ,DailyNews79,159876,,https://hipeople.biz,false
"-77.02817713,38.99642256",Mon May 02 11:16:03 +0000 2022,,,http://sourceofthespring.news/SPcbtB,2,1521086108167118849,,,,en,"Silver Spring, MD",false,,3,,,"<a href=""https://dlvrit.com/"" rel=""nofollow"">dlvr.it</a>",Takoma Park Extends Onsite COVID-19 Testing https://t.co/ms8UoeYpxn,https://twitter.com/SourcetheSpring/status/1521086108167118849,Fri Jul 08 20:12:30 +0000 2016,751509284362522624,false,"The latest Local and Breaking Community News for Silver Spring & Takoma Park, MD. News Tips: https://t.co/47KI8iaOkO",18234,4831,464,72,"Silver Spring, MD",Source of the Spring,SourcetheSpring,27586,,http://www.sourceofthespring.com,false
"-123.07571411,49.23587045",Mon May 02 18:36:33 +0000 2022,,,http://dlvr.it/SPdpJr,0,1521196966717190145,,,,en,"Vancouver, British Columbia",false,,1,,,"<a href=""https://dlvrit.com/"" rel=""nofollow"">dlvr.it</a>",CANR ‚Äî Queer youth much likelier to have considered or attempted suicide during pandemic than their peers: LGBTQ youth advocates noted that the pandemic coincided with a rise in anti-LGBTQ legislation and policies nationwide. Queer high-school students‚Ä¶ https://t.co/yZnncvFbnu,https://twitter.com/StigmabaseO/status/1521196966717190145,Thu Apr 29 13:56:48 +0000 2010,138418838,false,Americas ‚Äî United Kingdom  | Keeping up-to-date on global exclusion ‚Äî Stigmabase is a canadian internet non-profit Initiative. Founded in 2010,0,4144,3742,262,Americas | United Kingdom,Stigmabase | ORG,StigmabaseO,1829205,,https://www.stigmabase.org/,false
"-75.70226746,45.41660442",Mon May 02 21:44:05 +0000 2022,Ottawa ottnews news,,http://OttawaCitizen.com http://dlvr.it/SPfDTX,0,1521244160337997824,,,,en,"Ottawa, Ontario",false,,0,,,"<a href=""https://dlvrit.com/"" rel=""nofollow"">dlvr.it</a>","https://t.co/hYFjNNzLX4 ‚Üí COVID-19: What you need to know on Monday, May 2 https://t.co/siEI3AiLeP @OttawaNewsPulse üì∞ #Ottawa #ottnews #news",https://twitter.com/OttawaNewsPulse/status/1521244160337997824,Sun Feb 20 22:00:05 +0000 2022,1495518597426393092,false,"#Ottawa city news: society, culture üé≠, business üìä, and politics.",1899,175,787,3,"Ottawa, Ontario",üá®üá¶ Ottawa News Pulse,OttawaNewsPulse,10091,,https://twitter.com/OttawaNewsPulse,false
"-73.692001,40.6819",Mon May 02 13:11:27 +0000 2022,SouthernStateParkway,,http://511ny.org/EventDetails/TRANSCOM/ORI243471809,0,1521115150614470660,,,,en,"North Valley Stream, NY",false,,0,,,"<a href=""https://511ny.org"" rel=""nofollow"">511NY-Tweets</a>",Updated: Incident on #SouthernStateParkway WB at Exit 15 - North Corona Avenue https://t.co/oKmVdbZ7Qu,https://twitter.com/511NY/status/1521115150614470660,Thu Jun 25 17:22:38 +0000 2009,50706690,false,Traffic & transit updates for all of New York State provided by New York State 511. Visit the website for more feeds.,0,3681,193,251,New York State,511 New York,511NY,5562195,,http://twitter.511ny.org,false
"-82.3549302,29.6436325",Mon May 02 16:58:51 +0000 2022,Enviromental Facilities,,,0,1521172377630953472,,,,en,"Gainesville, FL",,,0,,,"<a href=""https://www.careerarc.com"" rel=""nofollow"">CareerArc 2.0</a>","See our latest Gainesville, FL Service Workers job opportunity and click the link in our bio to apply: Environmental Services Worker at UF Health Shands #Enviromental #Facilities",https://twitter.com/tmj_FL_facmgmt/status/1521172377630953472,Sun Aug 01 04:37:58 +0000 2010,173349947,false,Follow this account for geo-targeted Facilities Management job tweets in Florida Non-Metro. Need help? Tweet us at @CareerArc!,0,187,94,72,Florida,FL Facility Mgmt.,tmj_FL_facmgmt,859,,http://bit.ly/2KbXyC6,false
"-75.24092797,39.87726926",Mon May 02 17:01:59 +0000 2022,,,https://www.swarmapp.com/c/e0WkwE5xO3I,0,1521173165795430400,,,,en,"Philadelphia, PA",false,,0,,,"<a href=""https://www.swarmapp.com"" rel=""nofollow"">Foursquare Swarm</a>","Pandemic Delays suck balls. (@ Delta Sky Club in Philadelphia, PA) https://t.co/p0UGCRmVFL",https://twitter.com/balancedDonna/status/1521173165795430400,Sat Dec 28 16:44:41 +0000 2013,2266148588,false,"Travel, Adventure, Life, Health #blogger #travel #health #runner #betterthanyesterday",12416,442,427,3,"Philadelphia, PA",Donna,balancedDonna,6760,,https://linktr.ee/balanceddonna,false
"-73.69159,40.68203",Mon May 02 13:15:43 +0000 2022,VlyStrm traffic,,http://bit.ly/11xKLzq,0,1521116223530057733,,,,en,"North Valley Stream, NY",false,,0,,,"<a href=""http://www.sigalert.com/Map.asp?region=New+York"" rel=""nofollow"">TTN NYC traffic</a>","Accident. Two left lanes blocked. in #VlyStrm on The Southern St Pkwy WB at Corona Ave/X15, stopped traffic back to Hempstead Ave/X17 #traffic https://t.co/cLJ9IKsg5n",https://twitter.com/TotalTrafficNYC/status/1521116223530057733,Tue May 26 14:58:42 +0000 2009,42640432,false,"Total Traffic Network delivers real-time traffic via in-car and portable navigation, broadcast media, wireless, & Internet. Call Tips Hands-Free to 212-377-7757",10,5502,348,203,New York City & New Jersey,Total Traffic NYC,TotalTrafficNYC,730081,,http://totaltraffic.com/LocalTraffic/New%20York/,false
"-73.4354248,45.4449463",Mon May 02 02:27:02 +0000 2022,,,https://untp.beer/s/c1154383638,0,1520952976147419136,,,,en,"Brossard, Qu√©bec",false,,0,,,"<a href=""https://untappd.com"" rel=""nofollow"">Untappd</a>",Drinking a Corona Extra by @GrupoModelo_MX @ Dirty D ‚Äî https://t.co/pn2bxaaV7Y,https://twitter.com/FreshBeerOnly/status/1520952976147419136,Fri Jan 11 19:18:10 +0000 2013,1080675211,false,"Book addict, lover of craft beer and love getting lost in music",335,764,1080,19,"Montreal, Qc.",papat444,FreshBeerOnly,11103,,http://freshbeeronly.com/,false
"-111.6509,35.1992",Mon May 02 17:02:28 +0000 2022,Flagstaff grilling gardening,,https://www.instagram.com/p/CdEDYWTpG5O/?igshid=YTgzYjQ4ZTY=,3,1521173287409176580,,,,en,"Flagstaff, AZ",false,,0,,,"<a href=""http://instagram.com"" rel=""nofollow"">Instagram</a>","From the other day - before I got sick - thankfully not covid - but the GF has the garden ready - and a friend came by to check things out #Flagstaff #grilling #gardening @ Flagstaff, Arizona https://t.co/4zhK5TGLgp",https://twitter.com/jeandtheredeyes/status/1521173287409176580,Sat May 29 17:49:29 +0000 2010,149592774,false,"a musician, traveler, food enthusiast from Los Angeles and now in Flagstaff that plays a bluesy/Americana mix of music as Jeremiah and the Red Eyes",6421,461,841,49,"Flagstaff, AZ",Jeremiah Sammartano,jeandtheredeyes,5764,,http://www.jeremiahandtheredeyes.com,false
"-4.629734,54.08989",Mon May 02 08:02:26 +0000 2022,coronavirus iom coronaupdate,,https://netc.im/Covid-19,0,1521037384963563522,,,,en,"Ballasalla, Isle of Man",false,,0,,,"<a href=""http://www.netcetera.co.uk"" rel=""nofollow"">IOM</a>","Coronavirus Daily Update: As at 01 May 2022, in the Isle of Man there have been 32205 confirmed cases. #coronavirus #iom #coronaupdate https://t.co/WNfsczfk7J",https://twitter.com/iom/status/1521037384963563522,Mon Aug 27 14:51:27 +0000 2007,8463142,false,Local news for the Isle of Man - brought to you by Netcetera Managed Hosting,6,4426,1304,70,Isle of Man,Isle of Man,iom,36022,,https://netcetera.uk,false
"-122.4365768,37.7620844",Mon May 02 14:05:50 +0000 2022,,https://twitter.com/PoopScoopSF/status/1521128838083743744/photo/1,https://mobile311.sfgov.org/reports/15281844,0,1521128838083743744,,,,en,"Castro, San Francisco",true,,0,,,"<a href=""https://www.poopscoop.io/"" rel=""nofollow"">ThePoopScoopSF</a>","""Human excrement STILL ON THE SIDEWALK"" (Corona Heights, D8) https://t.co/fAaAWaglUm https://t.co/C2mdz0hm1I",https://twitter.com/PoopScoopSF/status/1521128838083743744,Fri Mar 08 22:43:58 +0000 2019,1104150794914344960,false,"Get the Scoop on Poop. Automatic tweets of üí©üí©üí© reports in San Francisco. 

126 poops reported in the last 48 hours and 35 already marked closed by @SF311.",402,430,127,8,"San Francisco, CA",Get the Scoop on Poop,PoopScoopSF,135444,,https://poopscoop.io,false
"-0.10226432,51.57558519",Mon May 02 10:38:03 +0000 2022,,https://twitter.com/MusicNewsWeb/status/1521076546890465280/photo/1,http://Music-News.com http://dlvr.it/SPcVk5,9,1521076546890465280,,,,en,"Tottenham, London",false,,4,,,"<a href=""https://dlvrit.com/"" rel=""nofollow"">dlvr.it</a>",https://t.co/cGbkkwFHAS Avril Lavigne postpones Canada shows over Covid-19 case 'within the tour' https://t.co/ZBv7D3XIAQ https://t.co/IKA1OuVYPV,https://twitter.com/MusicNewsWeb/status/1521076546890465280,Tue Mar 31 10:32:34 +0000 2009,27847155,false,"https://t.co/zDtI3JDr0v features #news, #reviews, #gigs, #interviews, #competitions, latest releases & #gossip. #musicnews https://t.co/2atsooDt52",23213,59092,43017,526,London,Music-News.com,MusicNewsWeb,126331,,https://www.facebook.com/musicnewsweb,false
"103.93852274,1.39701211",Mon May 02 10:17:37 +0000 2022,,https://twitter.com/DailyNews79/status/1521071406007525376/photo/1,http://lasthour.hipeople.biz/SPcS2W,0,1521071406007525376,,,,en,Êñ∞Âä†Âù°,false,,0,,,"<a href=""https://dlvrit.com/"" rel=""nofollow"">dlvr.it</a>",South Korea drops COVID-19 outdoor mask rule but many prefer to keep them on - CNA https://t.co/rPrt5uSUjD https://t.co/h4bWFVWXcR,https://twitter.com/DailyNews79/status/1521071406007525376,Wed Feb 09 07:43:20 +0000 2022,1491316688549253120,false,"Ours is just a small press release, it's not spam.
Subscribe to our comunity https://t.co/upst403dGf",10,61,537,0,Italy,DailyNews üáÆüáπ,DailyNews79,159876,,https://hipeople.biz,false
"7.39359405,9.07701855",Mon May 02 05:22:40 +0000 2022,,,http://lasthour.hipeople.biz/SPbr3N,0,1520997176825896965,,,,en,"Abuja, Nigeria",false,,0,,,"<a href=""https://dlvrit.com/"" rel=""nofollow"">dlvr.it</a>","Malaria, Deadlier Than Coronavirus, Adeboye Laments - - The Tide https://t.co/xC3q5qg8p7",https://twitter.com/DailyNews79/status/1520997176825896965,Wed Feb 09 07:43:20 +0000 2022,1491316688549253120,false,"Ours is just a small press release, it's not spam.
Subscribe to our comunity https://t.co/upst403dGf",10,61,537,0,Italy,DailyNews üáÆüáπ,DailyNews79,159876,,https://hipeople.biz,false
"-78.6235392,42.92608",Mon May 02 13:18:24 +0000 2022,PPE MadeinUSA,https://twitter.com/MDSAssociatesIn/status/1521116900251643905/photo/1,http://ow.ly/vCMI50IWTLB,0,1521116900251643905,,,,en,"New York, USA",false,,0,,,"<a href=""https://www.hootsuite.com"" rel=""nofollow"">Hootsuite Inc.</a>","MDS offers wholesale medical #PPE, like #MadeinUSA Graham Medical Pediatric exam capes in multiple pattern options. Shop today! https://t.co/Q0e9TVo2g7 https://t.co/tEp37talPQ",https://twitter.com/MDSAssociatesIn/status/1521116900251643905,Fri Apr 20 13:48:59 +0000 2012,558649664,false,,21,116,276,0,,MDS Associates Inc.,MDSAssociatesIn,1046,,,false
"106.8335573,-6.21409133",Mon May 02 08:54:03 +0000 2022,,https://twitter.com/Tempoyakbusuk/status/1521050371677851648/photo/1,https://www.kaskus.co.id/thread/5be79137ddd7709d2b8b4567/7-film-semi-dewasa-asal-korea-yang-legendaris-dan-top//5-artis-cantik-korea-dengan-bibir-menurun-yang-sexy-dan-mempesona-part-2kebiasaan-sederhana-ini-bisa-mengubah-kamu-jadi-orang-berkelas-kumpulan-alamat-situs-donlot-video-lewat-handphone-10-film-semi-dewasa-yang-punya-kualitas-bagus-sudah-nonton-belum--Acrobatic-Adorable-Adorable-Asian-Adorable-Chinese-Adorable-Indian-Adorable-Japanese-Adultery-African-Aged-Aged-Arab-Aged-Indian-Airplane-Alien-All-Holes-Alluring-Amateur-Amateur-Anal-Sex-Amateur-Blowjob-Amateur-In-Gangbang-Amateur-Interracial-Sex-Amateur-Lesbian-Amateur-MILF-Amateur-Teen-Amateur-Threesome-Amateur-Wife-American--TubeGalore-FUQ-iXXX-VR-Porzo-HD-Porzo-GayMaleTube-ShemanTube-ForHerTube-MatureTube-TubePornstars-TubeMales-TubeShemales-hal---hal-yang-hanya-dialami-bocah-generasi-90-an-sewaktu-masih-duduk-di-bangku-osis/8-film-sci-fi-mindblowing-yang-bikin-otak-jenius/9-foto-cewek-cantik-indonesia-idaman-para-cowok-nomor-5-bikin-mata-melongo,0,1521050371677851648,,,,en,"Setia Budi, Indonesia",false,,0,,,"<a href=""https://dlvrit.com/"" rel=""nofollow"">dlvr.it</a>","https://t.co/mWbL1YGuTN link the guardian top seo In Short, Europe: Loving Encounters review ‚Äì a festival of the springy and succinct: Small and mostly sweet, this film selection buoys us up in the wake of the pandemic with an upbeat‚Ä¶ bukan bokep jav film semi dewasa porn sex https://t.co/50I1a8Anoe",https://twitter.com/Tempoyakbusuk/status/1521050371677851648,Sat Nov 29 15:37:50 +0000 2014,2913900793,false,"Film Semi Dewasa
Physics
Chemistry
Biology
Health Sciences
Ecology
Earth
Cognitive
Mathematics
Computer
Blog
bokep
porno
video
People
Papers
Job Board
Advertise",100,12130,2,35,Sumatera Indonesia Raya Pengertiantempoyak adalah masakan yang berasal dari buah durian yang difermentasi. Tempoyak merupakan makanan lauk,#Filmsemi barat asia korea jepang thailand cina TT,Tempoyakbusuk,4225,,https://www.kaskus.co.id/post/5be8597a5a5163605d8b4575,false
"-121.4943996,38.5815719",Mon May 02 19:37:09 +0000 2022,tgif nausea diarrhea vomiting,,https://iwaspoisoned.com/i/xNRekKg,0,1521212214241370113,,,,en,"Sacramento, CA",false,,0,,,"<a href=""https://iwaspoisoned.com"" rel=""nofollow"">IWPTweets</a>","TGIF - Sacramento, California - I had my covid booster at noon. grabbed  a bag of TGIF BACON CHEDDAR CHEESE CRACKERS. Ate some @ lunch. Finished rest before bed. By 3am I awoke with nausea... Food Poisoning https://t.co/YBQN9NVX2y #tgif #nausea #diarrhea #vomiting",https://twitter.com/iwaspoisoned_/status/1521212214241370113,Fri Oct 20 02:12:41 +0000 2017,921197448885886977,false,Got food poisoning? Report it now at https://t.co/uqaqt4dYM1 . The #1 consumer led food poisoning reporting platform in the world.,199,699,3,2,,Iwaspoisoned.com,iwaspoisoned_,92681,,https://iwaspoisoned.com,false
"-0.20232744,5.61630329",Mon May 02 10:01:09 +0000 2022,AvrilLavignecanadashows AvrilLavigne AvrilLavigneconcert shows,https://twitter.com/DailyNews79/status/1521067260961456128/photo/1,http://lasthour.hipeople.biz/SPcPHm,0,1521067260961456128,,,,en,"Accra, Ghana",false,,0,,,"<a href=""https://dlvrit.com/"" rel=""nofollow"">dlvr.it</a>",#AvrilLavignecanadashows #AvrilLavigne #AvrilLavigneconcert #shows Avril Lavigne calls off a series of shows in Canada due to Covid-19 case on tour - Economic Times https://t.co/mNYFpZDtWs https://t.co/JTGzXgtOwI,https://twitter.com/DailyNews79/status/1521067260961456128,Wed Feb 09 07:43:20 +0000 2022,1491316688549253120,false,"Ours is just a small press release, it's not spam.
Subscribe to our comunity https://t.co/upst403dGf",10,61,537,0,Italy,DailyNews üáÆüáπ,DailyNews79,159876,,https://hipeople.biz,false
"-71.1061639,42.4184296",Mon May 02 15:59:22 +0000 2022,,,https://bit.ly/3LDkeLH,0,1521157407853801472,,,,en,"Medford, MA",false,,0,,,"<a href=""https://www.careerarc.com"" rel=""nofollow"">CareerArc 2.0</a>","Glen Ridge Nursing Care Center -... introduced universal COVID-19 vaccinations for all employees, care partners and onsite vendors because the welfare of our patients, residents, families and employees should always guide our decisions. Join our team! https://t.co/zWbBoTkja7",https://twitter.com/GenesisCareers/status/1521157407853801472,Wed Apr 22 17:55:53 +0000 2009,34343262,false,"Our employees are the vital link between us, our patients and residents! We care deeply! Follow us on Social. #GenesisCareers",36,1405,324,16,Nationwide,Genesis Careers,GenesisCareers,4286,,http://www.genesiscareers.jobs,false
"-116.91926714,32.77477477",Mon May 02 19:50:19 +0000 2022,Giveaway ThriveFromHome WFH,,https://nexrep.com?rpid=10&rpr=6566,0,1521215528991215616,,,,en,"Jamul, CA",false,,0,,,"<a href=""http://www.tweetcaster.com"" rel=""nofollow"">TweetCaster for Android</a>","I'm not hacked. I'm trying to win this @nexrepofficial's giveaway for a chance to win a Facebook Portal Go with Smart Camera &amp; Smart Sound!

#Giveaway #ThriveFromHome #WFH https://t.co/QN8DMiG9Pg",https://twitter.com/Kimwyattsart/status/1521215528991215616,Tue Apr 03 19:12:15 +0000 2012,544602411,false,"San Diego County visual artist. I tweet about Art, life with, stuff.  @she_fi #avalibletowork",5041,1165,1383,21,"El Cajon, California, USA",üé® Kim Wyatt üé®,Kimwyattsart,10412,,https://www.ebsqart.com/Artist/Kim-Wyatt/1767/Art-Portfolio/1/,false
"-69.0064234,44.4259092",Mon May 02 15:27:57 +0000 2022,,,https://bit.ly/3KzkQRe,0,1521149501351755776,,,,en,"Belfast, ME",false,,0,,,"<a href=""https://www.careerarc.com"" rel=""nofollow"">CareerArc 2.0</a>","Harbor Hill Center - Genesis Hea... introduced universal COVID-19 vaccinations for all employees, care partners and onsite vendors because the welfare of our patients, residents, families and employees should always guide our decisions. Join our team! https://t.co/tWT6YjTnkp",https://twitter.com/GenesisCareers/status/1521149501351755776,Wed Apr 22 17:55:53 +0000 2009,34343262,false,"Our employees are the vital link between us, our patients and residents! We care deeply! Follow us on Social. #GenesisCareers",36,1405,324,16,Nationwide,Genesis Careers,GenesisCareers,4286,,http://www.genesiscareers.jobs,false
"100.53331484,5.36990881",Mon May 02 03:00:02 +0000 2022,,,https://www.instagram.com/p/CdCi-VEJwXo/?igshid=YTgzYjQ4ZTY=,0,1520961283696254978,,,,en,"Bandar Kulim, Kedah",false,,0,,,"<a href=""http://instagram.com"" rel=""nofollow"">Instagram</a>","Hopefully this year is really the endemic year for covid19.
.
Eid Mubarak to all friends and families.
And happy holidays too!
.
Baju semua tailored by super mommy @arisusyah @ Kulim, Kedah Darul Aman https://t.co/9liImBjGyC",https://twitter.com/S_AzeemOng/status/1520961283696254978,Fri Aug 12 10:15:20 +0000 2011,353601606,false,I hail from Kedah. A #UMPLakeSide graduate; class of 2006/09 & 09/12,206,285,232,7,"Shah Alam, Selangor - Malaysia",Syahril Azeem Ong,S_AzeemOng,22699,,http://www.facebook.com/syahril.azeem,false
"76.70649,30.6927",Mon May 02 15:21:44 +0000 2022,ChandigarhUpdate COVID Chandigarh chandigarhhelpline,,https://www.instagram.com/p/CdD32mlPOsB/?igshid=YTgzYjQ4ZTY=,0,1521147937220345856,,,,en,"‡§Æ‡•ã‡§π‡§æ‡§≤‡•Ä, ‡§≠‡§æ‡§∞‡§§",false,,0,,,"<a href=""http://instagram.com"" rel=""nofollow"">Instagram</a>","#ChandigarhUpdate 

9 #COVID cases and 9 recoveries reported in #Chandigarh today

Positivity rate today: 1.70%
Active cases: 71

#chandigarhhelpline‚òëÔ∏è @ Chandigarh Helpline https://t.co/34NoJHMBzc",https://twitter.com/chd_helpline/status/1521147937220345856,Sat Oct 26 18:22:41 +0000 2013,2154651406,false,"The Page will share the local news from Chandigarh City.
The content is copied from the Social Media.
Help Others ÔøΩÔøΩ",315,260,100,0,"Chandigarh, India",Chandigarh Helpline,chd_helpline,3145,,https://www.facebook.com/chdhelpline/,false
"-66.83288097,10.47709331",Mon May 02 09:23:57 +0000 2022,WorldImmunizationWeek LongLifeForAll,,https://www.instagram.com/p/CdDO6EBOvQm/?igshid=YTgzYjQ4ZTY=,0,1521057897530150914,,,,en,"Nuestra Se√±ora del Rosario de Baruta, Venezuela",false,,0,,,"<a href=""http://instagram.com"" rel=""nofollow"">Instagram</a>","It‚Äôs #WorldImmunizationWeek. Have you looked at your vaccination record? 
Vaccines can protect you and those around you. #LongLifeForAll en Policl√≠nica Metropolitana https://t.co/MV1lRusX1A",https://twitter.com/tumedicoenlinea/status/1521057897530150914,Sun Sep 13 10:12:06 +0000 2020,1305086722129178624,false,"Yoxsivell Limas Perez 
‚öïÔ∏èM√©dico Internista e Infect√≥logo 
IG @tumedicoenlinea   
https://t.co/XjGkndwKMO
üì¨ yoxsivell@gmail.com
WhatsApp +58 4148531320",429,48,37,0,"Caracas, Venezuela",Tumedicoenlinea,tumedicoenlinea,158,,http://www.tumedicoenlinea.net,false
"-75.70226746,45.41660442",Mon May 02 21:44:07 +0000 2022,Ottawa ottnews news,,http://OttawaCitizen.com http://dlvr.it/SPfDW8,1,1521244167250202624,,,,en,"Ottawa, Ontario",false,,0,,,"<a href=""https://dlvrit.com/"" rel=""nofollow"">dlvr.it</a>","https://t.co/hYFjNNzLX4 ‚Üí Reinstating masks would help get Ontario's sixth pandemic wave under control, say experts https://t.co/mKH3tgjBTq @OttawaNewsPulse üì∞ #Ottawa #ottnews #news",https://twitter.com/OttawaNewsPulse/status/1521244167250202624,Sun Feb 20 22:00:05 +0000 2022,1495518597426393092,false,"#Ottawa city news: society, culture üé≠, business üìä, and politics.",1899,175,787,3,"Ottawa, Ontario",üá®üá¶ Ottawa News Pulse,OttawaNewsPulse,10091,,https://twitter.com/OttawaNewsPulse,false
"-75.68957793,45.42176188",Mon May 02 05:22:03 +0000 2022,Ottawa Canada news,,http://dlvr.it/SPbqxX,0,1520997023054323712,,,,en,"Ottawa, Ontario",false,,1,,,"<a href=""https://dlvrit.com/"" rel=""nofollow"">dlvr.it</a>",Today's coronavirus news: Few traces of 'Rolling Thunder' rally left in Ottawa - Toronto Star https://t.co/wDn9ZLgMSb @OttawaNewsPulse üì∞ #Ottawa #Canada #news,https://twitter.com/OttawaNewsPulse/status/1520997023054323712,Sun Feb 20 22:00:05 +0000 2022,1495518597426393092,false,"#Ottawa city news: society, culture üé≠, business üìä, and politics.",1899,175,787,3,"Ottawa, Ontario",üá®üá¶ Ottawa News Pulse,OttawaNewsPulse,10091,,https://twitter.com/OttawaNewsPulse,false
"-1.5106,52.4081",Mon May 02 10:41:31 +0000 2022,,,https://www.instagram.com/p/CdDXyRYslie/?igshid=YTgzYjQ4ZTY=,0,1521077418282434560,,,,en,"Coventry, England",false,,0,,,"<a href=""http://instagram.com"" rel=""nofollow"">Instagram</a>","Two tracks out this Friday. It‚Äôs been a minute and I‚Äôm happy to get some slightly older lockdown stuff out there. Loads more new stuff coming ü´†ü´† ZHENG @ Coventry, United Kingdom https://t.co/GizFOVbxeY",https://twitter.com/zhengwalks/status/1521077418282434560,Wed Oct 19 10:27:22 +0000 2011,393949655,false,"Do It With Ur Soul, OUT NOW. All platforms accessed via this link https://t.co/GSKj4MjOQo",1074,567,398,5,Coventry,ZHENG,zhengwalks,12012,,http://instagram.com/jaywalks_/,false
"76.7807,30.7229",Mon May 02 15:22:50 +0000 2022,ChandigarhUpdate COVID Chandigarh,,https://www.instagram.com/p/CdD3-l8PmJb/?igshid=YTgzYjQ4ZTY=,1,1521148213574709250,,,,en,"Chandigarh, India",false,,0,,,"<a href=""http://instagram.com"" rel=""nofollow"">Instagram</a>","#ChandigarhUpdate 

9 #COVID cases and 9 recoveries reported in #Chandigarh today

Positivity rate today: 1.70%
Active cases: 71 @ Chandigarh, India https://t.co/hzGEZqngPf",https://twitter.com/13_m_a_n_j_o_t_/status/1521148213574709250,Wed Jul 01 05:12:45 +0000 2015,3262955821,false,"Sab Tera ‚ù§Ô∏è
@chd_helpline
JournalistüíØ

Shukar kar, Fikar na Kar üî•

https://t.co/QwrhndJQtq",5572,199,143,0,"Chandigarh, India",MANJOT KOHLI,13_m_a_n_j_o_t_,1260,,https://youtube.com/channel/UC4fem1MUVBuA0Re1WRcSXvg,false
"-4.27887384,55.83140488",Mon May 02 20:15:49 +0000 2022,,,https://www.instagram.com/p/CdEZgeSrDSM/?igshid=YTgzYjQ4ZTY=,0,1521221944946962435,,,,en,"Glasgow, Scotland",false,,0,,,"<a href=""http://instagram.com"" rel=""nofollow"">Instagram</a>",Concordia and a little Spirit Island for the other group. I was meant to be playing Big Trouble in Little China but lost all 3 other players to miscellaneous misfortunes.. @ The Corona Bar &amp; Kitchen https://t.co/nx9lZ0YFm4,https://twitter.com/MrHinsh/status/1521221944946962435,Mon Jun 25 12:36:46 +0000 2007,7067852,false,"Husband of @jessbaezc, father, Owner @nkdAgility, trainer @Scrumdotorg and @mvpaward in @GitHub & @AzureDevOps, International Speaker, & into #BoardGames!",5335,2802,1863,216,Worldwide Traveler,Martin Hinshelwood üè¥Û†ÅßÛ†Å¢Û†Å≥Û†Å£Û†Å¥Û†Åø üá™üá∫ üá≤üáΩ,MrHinsh,21040,,http://nkdagility.com/blog,false
"-98.5,29.4167",Mon May 02 12:26:53 +0000 2022,GraduationIsCollaboration tb homeschool highschool PathwaysHomeEd sanantonio,,https://www.instagram.com/p/CdDj16fr4Tj/?igshid=YTgzYjQ4ZTY=,3,1521103933904674819,,,,en,"San Antonio, TX",false,,0,,,"<a href=""http://instagram.com"" rel=""nofollow"">Instagram</a>","#GraduationIsCollaboration #tb to our happy graduate and his proud family! ü§© 
‚Ä¢
‚Ä¢
#homeschool #highschool #PathwaysHomeEd  #sanantonio @ San Antonio, Texas https://t.co/wqnZz6KY4w",https://twitter.com/PathwaysHomeEd/status/1521103933904674819,Thu Apr 28 00:56:36 +0000 2022,1519480639808024576,false,Pathways HomeEd is designed to offer #homeschool services for families with High School or Middle School students. Contact us for more information!,62,8,57,0,San Antonio,Pathways HomeEd,PathwaysHomeEd,25,,http://pathwayshomeed.com,false
"36.821945,-1.292066",Mon May 02 06:09:56 +0000 2022,TopReply,,,0,1521009073663193088,KenyansOnReddit,1520502314817232901,1269598733878079500,en,"Nairobi, Kenya",,,0,,,"<a href=""https://twitter.com/hermoand"" rel=""nofollow"">Kenyans On Reddit</a>","#TopReply ü°Ö 11 point
People were clubbing even with covid. They never stopped",https://twitter.com/KenyansOnReddit/status/1521009073663193088,Sun Jun 07 11:55:21 +0000 2020,1269598733878079488,false,"Come join your fellow Kenyans‚Ñ¢ on Reddit üëâ https://t.co/jgE8q6ov1E 

- #TopReply
- #rKenyaModLog
- #RemovedByMods
- #DeletedByAuthor
- #rKenyaVideo",796,255,17,3,Nairobi,Kenyans On Reddit üá∞üá™,KenyansOnReddit,45072,,https://reddit.com/r/kenya,false
"133.67888627,-25.14999213",Mon May 02 23:16:51 +0000 2022,,https://twitter.com/DailyNews79/status/1521267505376882688/photo/1,http://lasthour.hipeople.biz/SPfQCm,0,1521267505376882688,,,,en,"Ghan, Northern Territory",false,,0,,,"<a href=""https://dlvrit.com/"" rel=""nofollow"">dlvr.it</a>",The COVID blossom: Behind the scenes of Australia‚Äôs branding disaster - Sydney Morning Herald https://t.co/ET2sK8cizg https://t.co/YGdBEaE793,https://twitter.com/DailyNews79/status/1521267505376882688,Wed Feb 09 07:43:20 +0000 2022,1491316688549253120,false,"Ours is just a small press release, it's not spam.
Subscribe to our comunity https://t.co/upst403dGf",10,61,537,0,Italy,DailyNews üáÆüáπ,DailyNews79,159876,,https://hipeople.biz,false
"-117.566,33.8753",Mon May 02 23:51:45 +0000 2022,,,https://www.instagram.com/p/CdEyN4ipb9r/?igshid=YTgzYjQ4ZTY=,0,1521276288853549057,,,,en,"Corona, CA",false,,0,,,"<a href=""http://instagram.com"" rel=""nofollow"">Instagram</a>","Just posted a photo @ Corona, California https://t.co/MwiELB0tJA",https://twitter.com/jschugardt/status/1521276288853549057,Tue Jan 18 18:08:27 +0000 2011,239903669,false,"NLP Practitioner, Reiki Master & Life and Success Coach Instagram@jessicaschugardt",413,46,146,4,"California, USA",Jessica Schugardt,jschugardt,514,,http://www.jessicaschugardt.com,false
"-123.12316786,49.3158291",Mon May 02 23:06:04 +0000 2022,,,http://dlvr.it/SPfP9x,0,1521264790982725632,,,,en,"North Vancouver, British Columbia",false,,1,,,"<a href=""https://dlvrit.com/"" rel=""nofollow"">dlvr.it</a>","AMGMT ‚Äî Peru-Latin America connectivity at 41% compared to 2019: After being severely disrupted by the pandemic, Peru's Latin American connections are edging towards pre-COVID 2019 levels.  

View article... https://t.co/9O1OpHdWfo",https://twitter.com/StigmabaseE/status/1521264790982725632,Fri Sep 03 15:34:08 +0000 2010,186478529,false,Espa√±ol - Portugu√™s | Keeping up-to-date on global exclusion ‚Äî Stigmabase is a canadian internet non-profit Initiative,0,1968,857,151,Las Am√©ricas | Espa√±a,Stigmabase | ES,StigmabaseE,1037526,,https://www.stigmabase.org/,false
"-77.438966,39.417447",Mon May 02 23:59:49 +0000 2022,,,https://www.swarmapp.com/c/2a8NlnSLy94,0,1521278316052983809,,,,en,"Frederick, MD",false,,0,,,"<a href=""http://foursquare.com"" rel=""nofollow"">Foursquare</a>","I have a (not COVID-19-related) sinus infection. üò∑ (@ MedExpress Urgent Care in Frederick, MD) https://t.co/h764Pk9ezl",https://twitter.com/meep_matsushima/status/1521278316052983809,Fri Jan 01 13:22:10 +0000 2010,100974454,false,former portal fantasy protagonist & current grad student studying grief in children's literature üè≥Ô∏è‚Äçüåàüïçü•Ñüå∏üó°‚õ©üìö@SimmonsAlumni '11 & @HamlineMFAC '23 (Êó•Êú¨Ë™ûOK!),84757,1070,961,70,‚ô°: Êù±‰∫¨ (she/none),Meep Matsushima | ÊùæÂ≥∂„Åø„ÅÉ~„Å∑,meep_matsushima,148619,,http://meep-matsushima.neocities.org,false
"-75.68957793,45.42176188",Mon May 02 23:33:02 +0000 2022,Ottawa Canada news,,http://dlvr.it/SPfRhZ,0,1521271576909426688,,,,en,"Ottawa, Ontario",false,,1,,,"<a href=""https://dlvrit.com/"" rel=""nofollow"">dlvr.it</a>",Key COVID-19 numbers in the Ottawa area today | CBC News https://t.co/GS6is7WUjK @OttawaNewsPulse üì∞ #Ottawa #Canada #news,https://twitter.com/OttawaNewsPulse/status/1521271576909426688,Sun Feb 20 22:00:05 +0000 2022,1495518597426393092,false,"#Ottawa city news: society, culture üé≠, business üìä, and politics.",1899,175,787,3,"Ottawa, Ontario",üá®üá¶ Ottawa News Pulse,OttawaNewsPulse,10091,,https://twitter.com/OttawaNewsPulse,false
"-76.9675,39.05364",Tue May 03 00:48:14 +0000 2022,kingdomfocused,,https://www.instagram.com/p/CdE4rl-LvR3/?igshid=YTgzYjQ4ZTY=,0,1521290502280126465,,,,en,"Calverton, MD",false,,0,,,"<a href=""http://instagram.com"" rel=""nofollow"">Instagram</a>","It‚Äôs always the friends and family for me!!! Saw so many folks @kfamechurch Occupy Weekend I haven‚Äôt seen since before the pandemic and while SM is great there‚Äôs nothing like in person connection! 

#kingdomfocused https://t.co/ta5P9qCtwv",https://twitter.com/JWatleyMaxell/status/1521290502280126465,Sat Nov 01 14:59:12 +0000 2014,2886460621,false,All About God ‚Ä¢ All About People,394,200,98,0,"Smyrna, Ga.",Jennifer Watley Maxell,JWatleyMaxell,2985,,http://Www.jenniferwatleymaxell.com,false
"-105.93192458,35.98907389",Mon May 02 23:35:41 +0000 2022,roadtrip newmexico travel travelphotography,,https://www.instagram.com/p/CdEwYX-PGgr/?igshid=YTgzYjQ4ZTY=,0,1521272244076384256,,,,en,"Chimayo, NM",false,,0,,,"<a href=""http://instagram.com"" rel=""nofollow"">Instagram</a>",#roadtrip #newmexico #travel #travelphotography The fires and even covid (still grr) has forced us to change our travel itinerary. @ El Santuario de Chimayo https://t.co/SWUFiK0DcZ,https://twitter.com/iMusicNow/status/1521272244076384256,Wed Jun 10 18:14:07 +0000 2009,46182316,false,"I provide Music Press Release, concert tour information, new music/video releases, UFC info, movie reviews, original concert photography and humor #Ifollowback",52,929,1195,5,Washington,iMusicNow,iMusicNow,3016,,http://www.iMusicNow.com,false
"-117.33526,34.46996",Tue May 03 00:17:01 +0000 2022,,,https://www.instagram.com/p/CdE1G3VJ8j7bXJUZaJAnPQnVzg6Xp0zfppOeOI0/?igshid=YTgzYjQ4ZTY=,0,1521282646202015744,,,,en,"Hesperia, CA",false,,0,,,"<a href=""http://instagram.com"" rel=""nofollow"">Instagram</a>",My semi-annual haircut during the pandemic era üíà @ Heavy Hitters Barbershop https://t.co/uF1icbuKJe,https://twitter.com/Sir_Prof_Don/status/1521282646202015744,Sat Feb 16 01:20:37 +0000 2013,1184281609,false,"‚ô†‚ô† UC Santa Barbara alumnus, Uni. of La Verne grad student & so-Cal native. Math Teacher at Excelsor. NFL, NBA & fighting video game enthusiast #FGC! ‚ôú‚ôü‚ôû ‚úå ‚ô†‚ô†",1505,117,626,7,"Victorville, CA",Anthony II,Sir_Prof_Don,3050,,,false
"-96.8281498,32.7490738",Tue May 03 00:42:04 +0000 2022,,,https://www.instagram.com/p/CdE3-izNhtM/?igshid=YTgzYjQ4ZTY=,1,1521288950970736640,,,,en,"Dallas, TX",false,,0,,,"<a href=""http://instagram.com"" rel=""nofollow"">Instagram</a>","Of all the medication I've swallowed in the previous 8 days, THIS is the best COVID relief available! Pour it on everything!!! @ Bishop Arts District https://t.co/zANiCDnqQg",https://twitter.com/howlgrowlsnarl/status/1521288950970736640,Wed May 02 19:56:22 +0000 2012,569459064,false,"Texas Author, Producer, & Podcaster!
Paul Varjak-ing It Since 1973! Amazing Husband To @cloudosaur #AuthorsOfTwitter #Veteran #DammitDallas @AJusticePodcast",1925,1499,1516,10,"Dallas, TX",C. Derick Miller,howlgrowlsnarl,14523,,http://cderickmiller.com,false
"116.43310547,40.15158756",Mon May 02 22:16:03 +0000 2022,,,http://dlvr.it/SPfJK4,0,1521252203570204672,,,,en,"Âåó‰∫¨, ‰∏≠Âçé‰∫∫Ê∞ëÂÖ±ÂíåÂõΩ",false,,1,,,"<a href=""https://dlvrit.com/"" rel=""nofollow"">dlvr.it</a>",ZHD ‚Äî America will recover all jobs lost during Covid by this summer https://t.co/5vc9DOUaLJ,https://twitter.com/StigmabaseA/status/1521252203570204672,Sat May 29 17:26:03 +0000 2010,149585330,false,Australia - New Zealand ‚Äî Êó•Êú¨Ë™û  ‚Äî ‰∏≠ÂõΩ ‚Äî ÌïúÍµ≠Îßê |  Keeping up-to-date on global exclusion ‚Äî Stigmabase is a canadian internet non-profit Initiative. Founded in 2010.,0,2908,1275,139,Asia | Australia - Pacific,Stigmabase | ASIA,StigmabaseA,1550650,,https://www.stigmabase.org/,false
"0.00435926,51.50258834",Tue May 03 00:02:08 +0000 2022,,,https://www.instagram.com/p/CdEzZumKbv9njkwKk0wU_h5cvpc0ZFz0oCaC-s0/?igshid=YTgzYjQ4ZTY=,0,1521278901657677824,,,,en,"Greenwich, London",true,,0,,,"<a href=""http://instagram.com"" rel=""nofollow"">Instagram</a>","Finally, after 2 long Covid years, helloooo sissy Dua! üòÑü•∞üíïüéàüéâüéÜ @ The O2 https://t.co/Nw4HWQLXmF",https://twitter.com/kshetorres/status/1521278901657677824,Sun Dec 13 05:21:15 +0000 2009,96491553,false,Chasing sunsets. üíõ ISFJ-T,8366,207,242,1,"London, England",Kayeshe Torres,kshetorres,37265,,,false
